id,first_name,last_name,hours,rate
1,Giulia,Di Pietro,34.4,18.0
2,Rhodie,Semerad,39.9,18.0
3,Garrett,De Bernardis,30.6,18.0
4,Tallie,Westhoff,30.4,18.0
5,Jenn,Maior,30.5,18.0
6,Loraine,Lowther,35.1,18.0
7,Allene,Sadd,32.9,18.0
8,Jehanna,Garza,32.2,18.0
9,Alie,Merrell,37.2,18.0
10,Gertie,Raikes,32.5,18.0
11,Dorine,Ivasechko,38.7,18.0
12,Lucretia,Waliszewski,37.4,18.0
13,Alta,Bassill,27.9,18.0
14,Lottie,Ahearne,34.0,18.0
15,Maisey,Guilloux,29.0,18.0
16,Marcel,Capper,27.5,18.0
17,Nicolai,Twiddell,37.2,18.0
18,Clementia,Cote,35.4,18.0
19,Ari,Bordessa,31.8,18.0
20,Chevalier,Mundy,34.2,18.0
21,Cleo,Mc Pake,36.0,18.0
22,Hetty,Soda,27.8,18.0
23,Juan,Tye,35.9,18.0
24,Wilfred,Camber,37.3,18.0
25,Anselma,Leicester,32.3,18.0
26,Donnamarie,Senter,39.3,18.0
27,Mel,Meynell,30.4,18.0
28,Mayor,Joseland,30.5,18.0
29,Cash,Pigot,34.9,18.0
30,Elonore,Campbell,31.1,18.0
31,Retha,de la Valette Parisot,30.0,18.0
32,Goldia,Chalke,34.9,18.0
33,Kara,Stentiford,32.5,18.0
34,Corabel,Olyfant,30.1,18.0
35,Layton,Edwinson,31.6,18.0
36,Goraud,Kennedy,29.1,18.0
37,Stormy,Jeandon,36.5,18.0
38,Rolph,Galley,38.3,18.0
39,Des,Le Borgne,34.7,18.0
40,Townie,Ventura,28.4,18.0
41,Karlie,Beatty,39.7,18.0
42,Jordain,Vaun,33.2,18.0
43,Fleur,Turnock,28.1,18.0
44,Roi,McNea,36.4,18.0
45,Garik,Burdis,26.8,18.0
46,Tome,Castellone,36.8,18.0
47,Cori,Baynon,25.0,18.0
48,Phoebe,Bello,38.6,18.0
49,Cherey,Millberg,25.9,18.0
50,Isabeau,Grunnell,27.9,18.0
51,Clevie,Terne,38.8,18.0
52,Olav,Greenly,33.2,18.0
53,Dayna,Attride,36.4,18.0
54,Janos,Appleyard,39.2,18.0
55,Rancell,Stoyell,40.0,18.0
56,Heida,Gasnoll,26.9,18.0
57,Sula,Foulger,31.4,18.0
58,Charmine,Breit,26.9,18.0
59,Floris,Herity,26.2,18.0
60,Nedi,Keedwell,39.5,18.0
61,Corey,Cahey,32.9,18.0
62,Analise,Ikins,38.5,18.0
63,Meggy,Rowlstone,29.9,18.0
64,Freddy,Iacobassi,27.1,18.0
65,Kimble,Chaloner,35.5,18.0
66,Janessa,Feavearyear,27.1,18.0
67,Harris,Creyke,32.7,18.0
68,Ingmar,Perassi,35.5,18.0
69,Caressa,Burbudge,25.2,18.0
70,Leonanie,Jendrach,28.4,18.0
71,Kurtis,Bohey,29.7,18.0
72,Noah,Kahn,33.3,18.0
73,Verla,Duigan,29.9,18.0
74,Zelda,Perse,37.0,18.0
75,Shea,Hoodspeth,25.5,18.0
76,Brinna,Durek,30.2,18.0
77,Lin,Cassam,39.2,18.0
78,Rickie,Toward,39.9,18.0
79,Iseabal,Major,37.4,18.0
80,Christoforo,Tamas,32.5,18.0
81,Art,Mashro,36.4,18.0
82,Bobbie,Banat,25.5,18.0
83,Elwira,Figger,34.5,18.0
84,Dodi,Vardey,37.9,18.0
85,Mannie,Barns,28.8,18.0
86,Janaya,Dundridge,39.2,18.0
87,Joli,Duffell,38.9,18.0
88,Sven,Abramovitz,29.5,18.0
89,Avram,Kitley,38.1,18.0
90,Kerr,Farge,28.2,18.0
91,Aleta,Girardot,26.6,18.0
92,Halsey,Merida,27.4,18.0
93,Marena,Pinke,36.7,18.0
94,Rossie,Dinning,32.7,18.0
95,Lari,Cowins,25.2,18.0
96,Dulcine,Wauchope,28.9,18.0
97,Osbourn,Pillinger,29.8,18.0
98,Sondra,Ogles,36.2,18.0
99,Rhianon,Messer,30.0,18.0
100,Teresina,Gillford,27.1,18.0
101,Farrel,Feirn,35.8,18.0
102,Josepha,Stuckes,37.4,18.0
103,Gael,Chatwin,36.5,18.0
104,Bunny,Kettlesing,30.6,18.0
105,Salomon,Dionis,27.9,18.0
106,Brit,Bernini,29.0,18.0
107,Gustavo,Toal,30.1,18.0
108,Hilarius,Krier,36.9,18.0
109,Willabella,Devoy,31.5,18.0
110,Jennine,Marking,37.2,18.0
111,Hilton,Cawthery,27.2,18.0
112,Maggy,Thunnercliff,39.3,18.0
113,Katrina,Matyasik,31.4,18.0
114,Alyson,Briggdale,30.2,18.0
115,Cherie,Mousby,35.5,18.0
116,Sashenka,Dillestone,36.3,18.0
117,Gail,Hoys,31.6,18.0
118,Esra,Sarfass,32.5,18.0
119,Trudy,Jaeggi,29.2,18.0
120,Tobias,Galley,39.5,18.0
121,Foss,Adess,37.1,18.0
122,Dodie,Lohden,34.7,18.0
123,Jody,Chismon,30.7,18.0
124,Zelda,Waycott,31.3,18.0
125,Zorine,Fisby,39.1,18.0
126,Byrom,Ilson,38.9,18.0
127,Dal,Hamly,26.9,18.0
128,Roze,Lunge,33.2,18.0
129,Courtnay,Eborall,36.4,18.0
130,Malinda,Knoton,36.2,18.0
131,Vere,Baake,37.1,18.0
132,Laney,Ledram,39.2,18.0
133,Elora,Pesic,30.4,18.0
134,Ozzy,Stovell,26.5,18.0
135,Aristotle,Von Hindenburg,28.9,18.0
136,Farly,Hollyar,38.4,18.0
137,Hinda,Ephgrave,31.2,18.0
138,Viki,Izkoveski,33.3,18.0
139,Jesse,Barabich,37.6,18.0
140,Dniren,Medgwick,35.6,18.0
141,Jordain,Lawles,33.3,18.0
142,Doyle,Staden,28.6,18.0
143,Constantine,Groveham,27.9,18.0
144,Herve,Maddyson,39.3,18.0
145,Valeda,Eggins,29.6,18.0
146,Pat,Burger,34.7,18.0
147,Bronson,Enderby,37.6,18.0
148,Steve,Pfaffe,37.0,18.0
149,Sibeal,Fonquernie,36.8,18.0
150,Letitia,Dellar,33.1,18.0
151,Elsinore,Abramovic,30.3,18.0
152,Martita,D'Alessio,31.4,18.0
153,Penn,Leglise,34.9,18.0
154,Iver,Chown,35.0,18.0
155,Zara,Asquith,31.8,18.0
156,Auroora,Fereday,37.4,18.0
157,Orelle,Berends,32.0,18.0
158,Ford,Jardin,38.5,18.0
159,Abdul,Rodge,25.1,18.0
160,Sybil,Sebastian,25.2,18.0
161,Cynthia,Godbehere,32.5,18.0
162,Judith,Clearie,38.4,18.0
163,Tiler,Dannohl,37.8,18.0
164,Nadia,Domegan,35.3,18.0
165,Morty,Roz,38.2,18.0
166,Andris,Soppit,27.7,18.0
167,Morgana,Ferguson,34.9,18.0
168,Jeannie,Mashro,38.9,18.0
169,Gillie,Arr,37.4,18.0
170,Ches,Yanele,39.1,18.0
171,Petra,Albin,34.9,18.0
172,Giovanna,Dary,39.4,18.0
173,Jeffrey,Moreby,25.6,18.0
174,Matthaeus,Chaldecott,29.2,18.0
175,Shadow,Lippett,36.3,18.0
176,Coleen,Merriton,27.0,18.0
177,Charmane,Peffer,29.2,18.0
178,Bank,Rosini,30.7,18.0
179,Kathy,Antognetti,31.0,18.0
180,Merlina,Nelthorpe,32.0,18.0
181,Tomkin,Buckthought,34.9,18.0
182,Pat,Brunelli,38.1,18.0
183,Pippa,Adamiec,30.2,18.0
184,Riobard,Vasilmanov,27.6,18.0
185,Sheryl,Nitto,29.6,18.0
186,Gavrielle,Mundall,34.2,18.0
187,Darby,Beadel,28.6,18.0
188,Dale,Banton,29.4,18.0
189,Amalia,Ennor,36.4,18.0
190,Lorene,Jeduch,37.9,18.0
191,Phaedra,Andrieux,33.1,18.0
192,Tara,Blackah,30.2,18.0
193,Maddie,Laingmaid,31.0,18.0
194,Jimmy,Lodovichi,26.6,18.0
195,Christiane,Bantock,26.5,18.0
196,Danya,Bewicke,39.9,18.0
197,Jaquelyn,Shenfish,31.5,18.0
198,Marilyn,Ruddlesden,26.3,18.0
199,Gilda,Idwal Evans,25.8,18.0
200,Wells,Angless,39.0,18.0
201,Diannne,Brockest,25.1,18.0
202,Lyssa,Torra,35.6,18.0
203,Alexandros,Lampitt,28.8,18.0
204,Alika,Eighteen,36.4,18.0
205,Carrissa,Haking,35.0,18.0
206,Graig,Cartman,38.4,18.0
207,Jeanine,Andersch,35.1,18.0
208,Manfred,Deas,32.1,18.0
209,Bobbi,Puddle,34.2,18.0
210,Antonetta,Cammiemile,30.8,18.0
211,Kalil,Yeliashev,37.6,18.0
212,Emilia,Daens,30.4,18.0
213,Sebastiano,Alphege,25.4,18.0
214,Sylvester,Rugieri,39.8,18.0
215,Julita,Beardall,33.8,18.0
216,Aurel,Birtwell,33.5,18.0
217,Davis,Romney,36.4,18.0
218,Fleurette,Temperley,27.5,18.0
219,Henrik,Rapkins,28.6,18.0
220,Smitty,Nise,39.0,18.0
221,Fulton,Poznanski,36.4,18.0
222,Ricard,Rolfini,34.2,18.0
223,Clea,Kinny,25.2,18.0
224,Stanley,Poore,34.0,18.0
225,Walther,MacFarlane,38.0,18.0
226,Goldy,Kesterton,31.6,18.0
227,Rosemarie,Killoran,26.8,18.0
228,Amil,Rawcliff,32.6,18.0
229,Windham,Beteriss,25.5,18.0
230,Catarina,Lurner,39.0,18.0
231,Lauraine,Thorrington,37.2,18.0
232,Jodie,Janjic,29.9,18.0
233,Laureen,Dunphy,36.5,18.0
234,Caleb,Harower,39.9,18.0
235,Selma,Huggill,39.3,18.0
236,Larry,Headland,38.5,18.0
237,Susan,Swedeland,28.5,18.0
238,Mag,MacFarlan,36.4,18.0
239,Arda,Petrashov,35.9,18.0
240,Jo,Summerlad,30.3,18.0
241,Shirleen,Buckoke,28.4,18.0
242,Gerrilee,Dorian,37.0,18.0
243,Vivianna,Messham,32.8,18.0
244,Edgar,McCurdy,32.8,18.0
245,Bride,Gimblet,28.1,18.0
246,Mart,Bellay,26.8,18.0
247,Licha,Tarbatt,38.3,18.0
248,Loraine,Mickan,35.4,18.0
249,Fawne,Muckart,28.8,18.0
250,Lyssa,Yitzovitz,31.1,18.0
251,Lou,Taunton.,26.0,18.0
252,Ronda,Walklott,39.7,18.0
253,Jasmina,Cowgill,35.5,18.0
254,Reece,Pirie,34.8,18.0
255,Laureen,Sherar,35.3,18.0
256,Gillie,Yellep,33.4,18.0
257,Neale,Flockhart,39.2,18.0
258,Parrnell,Pawelek,30.7,18.0
259,Saudra,Dictus,28.6,18.0
260,Arly,McCathay,28.2,18.0
261,Vina,Rivlin,37.6,18.0
262,Cariotta,Carp,27.2,18.0
263,Bary,Ridett,31.9,18.0
264,Evanne,Pracy,37.8,18.0
265,Crawford,Loft,28.2,18.0
266,Minna,Dominiak,27.2,18.0
267,Cleveland,Channer,34.3,18.0
268,Leigh,Steenson,38.3,18.0
269,Carmine,Palle,38.4,18.0
270,Deina,Blabie,25.5,18.0
271,Lionel,Matthew,32.7,18.0
272,Lorry,Cuolahan,39.9,18.0
273,Truda,Fouldes,34.7,18.0
274,Ortensia,Fusco,29.9,18.0
275,Brandais,Rawle,28.0,18.0
276,Fern,Oulett,29.7,18.0
277,Ethe,Saiz,28.6,18.0
278,Kelsey,Tilson,33.4,18.0
279,Sascha,Foord,25.9,18.0
280,Ame,Mottley,29.5,18.0
281,Calypso,Greenrde,25.5,18.0
282,Robbi,Haselgrove,26.3,18.0
283,Tricia,Bowen,35.5,18.0
284,Launce,Ormonde,39.7,18.0
285,Audry,Polfer,38.0,18.0
286,Dene,Chattaway,30.9,18.0
287,Wallache,Barbery,36.6,18.0
288,Franni,Brunning,32.6,18.0
289,Louis,Kynvin,33.0,18.0
290,Kay,Annes,30.5,18.0
291,Ethelind,Backwell,31.5,18.0
292,Karita,Sygrove,27.1,18.0
293,Rory,Bainton,32.3,18.0
294,Laurie,Sherrott,36.3,18.0
295,Roxanna,Tuer,34.8,18.0
296,Neddie,Fulbrook,38.3,18.0
297,Arel,Tilmouth,25.7,18.0
298,Cello,Petrowsky,34.0,18.0
299,Herbie,Durrans,26.7,18.0
300,Lotte,McIlvenny,27.8,18.0
301,Susy,Grattan,39.6,18.0
302,Winni,Teissier,38.1,18.0
303,Lorens,Kalkhoven,29.6,18.0
304,Berta,Girodias,35.7,18.0
305,Daffie,Capinetti,26.8,18.0
306,Seana,Bevan,32.6,18.0
307,Mimi,Caunce,27.0,18.0
308,Arthur,Aldins,29.6,18.0
309,Dody,Leng,39.5,18.0
310,Hunt,Cleall,32.1,18.0
311,Dan,Warricker,33.8,18.0
312,Suzanna,Dunridge,35.6,18.0
313,Ernie,Fevers,37.8,18.0
314,Lesli,Moyler,27.1,18.0
315,Correy,Search,34.5,18.0
316,Tann,Thurman,33.1,18.0
317,Gale,Fayter,32.2,18.0
318,Tony,Stenet,30.0,18.0
319,Lishe,Loughan,31.2,18.0
320,Sidnee,Furmonger,36.0,18.0
321,Konrad,Slessor,29.9,18.0
322,Horatio,Blamires,39.8,18.0
323,Carola,McElvine,31.1,18.0
324,Adelaida,Feasey,29.6,18.0
325,Ulric,Hailston,37.6,18.0
326,Yancy,Fliege,34.2,18.0
327,Gilda,Ohlsen,25.6,18.0
328,Shelia,Storry,25.2,18.0
329,Barnard,Stather,27.9,18.0
330,Bess,Robertucci,39.5,18.0
331,Melonie,Swatton,30.7,18.0
332,Isadore,Hagley,26.0,18.0
333,Kati,Uzelli,30.4,18.0
334,Merry,Martyntsev,36.7,18.0
335,Patsy,McCague,33.9,18.0
336,Tiebout,Gorbell,27.1,18.0
337,Arnuad,Levet,32.2,18.0
338,Chloe,Godlee,32.5,18.0
339,Lou,Newlove,30.2,18.0
340,Irma,Fullerd,36.8,18.0
341,Rudyard,Challiner,26.5,18.0
342,Layne,Janicek,37.1,18.0
343,Mair,Wondraschek,28.1,18.0
344,Cloris,Fedder,38.8,18.0
345,Sorcha,Eddison,30.0,18.0
346,Linnie,Goshawk,28.9,18.0
347,Denna,Heims,28.3,18.0
348,Flory,Ortells,25.3,18.0
349,Dmitri,Loweth,27.8,18.0
350,Wenonah,Boffey,31.8,18.0
351,Gwendolin,Sargison,25.3,18.0
352,Melba,Rickertsen,34.1,18.0
353,Basile,Duckitt,31.4,18.0
354,Keen,Broadbent,32.1,18.0
355,Demetri,Hearson,37.8,18.0
356,Bili,Daens,31.2,18.0
357,Vanna,Newsham,32.7,18.0
358,Nadine,Neljes,30.1,18.0
359,Bartholomeo,Otley,39.2,18.0
360,Herbert,Hadigate,25.7,18.0
361,Wilbur,Levey,38.6,18.0
362,Delcina,Spriddle,26.3,18.0
363,Konstantine,McLise,32.7,18.0
364,Barty,Shailer,27.1,18.0
365,Hughie,De Coursey,34.4,18.0
366,Mora,Tilley,28.1,18.0
367,Bran,Simes,35.0,18.0
368,Cris,Josef,26.7,18.0
369,Judah,Hovey,25.1,18.0
370,Imojean,Swapp,29.7,18.0
371,Richy,Maplesden,30.9,18.0
372,Fernando,Corradino,25.5,18.0
373,Kaspar,Richmont,35.4,18.0
374,Krystyna,MacDougal,25.4,18.0
375,Mareah,Grief,38.7,18.0
376,Joane,Clohessy,36.1,18.0
377,Ingram,Wickins,25.9,18.0
378,Estelle,York,31.2,18.0
379,Kitti,Rothschild,32.6,18.0
380,Gavan,Menichillo,28.7,18.0
381,Sasha,Wigsell,38.0,18.0
382,Dacie,Nussey,28.6,18.0
383,Virgil,Whordley,34.0,18.0
384,Andee,Alps,30.2,18.0
385,Kiah,Shakespear,37.2,18.0
386,Juliana,Worsnup,26.3,18.0
387,Claudine,Wickardt,33.5,18.0
388,Cos,Cosgriff,38.4,18.0
389,Feliks,Barden,27.1,18.0
390,Linell,Beebe,30.9,18.0
391,Julee,Middleton,35.7,18.0
392,Janela,Bale,34.3,18.0
393,Barbi,Boltwood,26.9,18.0
394,Valentia,Smalman,33.2,18.0
395,Pat,Dudderidge,32.4,18.0
396,Gardner,Scottrell,32.5,18.0
397,Evita,Snelle,26.6,18.0
398,Eunice,Rosita,34.9,18.0
399,Trstram,Iannello,30.1,18.0
400,Annabela,Rickman,34.1,18.0
401,Micah,Doorbar,29.8,18.0
402,Diarmid,Marron,27.4,18.0
403,Daloris,Lorait,35.0,18.0
404,Ellene,Sidaway,27.6,18.0
405,Jesus,Pilpovic,26.9,18.0
406,Federica,Roja,26.7,18.0
407,Falito,Frayn,33.9,18.0
408,Tonnie,Simoncini,26.2,18.0
409,Roxanna,Joule,36.8,18.0
410,Ashley,Carillo,38.3,18.0
411,Bobby,Trevorrow,37.0,18.0
412,Nolie,Aleksandrov,34.0,18.0
413,Tuckie,Maryon,39.2,18.0
414,Sydney,Mowne,34.1,18.0
415,Miltie,Boshere,34.8,18.0
416,Olivie,Garwill,28.5,18.0
417,Juliet,Figgures,32.6,18.0
418,Earvin,Caldwell,34.4,18.0
419,Shell,Huerta,39.6,18.0
420,Gus,Dilliston,38.0,18.0
421,Kenon,Laval,36.8,18.0
422,Kitti,Tollfree,30.7,18.0
423,Carolus,Gunther,37.0,18.0
424,Britte,Scotts,31.2,18.0
425,Gwendolyn,Ende,39.8,18.0
426,Terry,Churches,33.2,18.0
427,Randa,Maloney,38.3,18.0
428,Valerie,Robertson,35.0,18.0
429,Alisander,Kenington,26.2,18.0
430,Magdalene,Clegg,33.9,18.0
431,Felisha,Bewsey,36.8,18.0
432,Gabey,Grigorio,27.2,18.0
433,Katha,Arunowicz,27.6,18.0
434,Zorina,Hallgalley,28.1,18.0
435,Krysta,Abbey,38.9,18.0
436,Mohammed,Halsted,31.3,18.0
437,Alexandros,Papez,28.8,18.0
438,Nathanil,Ferber,39.3,18.0
439,Roma,Saladin,27.1,18.0
440,Emili,Menaul,36.4,18.0
441,Hetty,Calbreath,34.6,18.0
442,Clare,Eberle,38.5,18.0
443,Arthur,Rogerot,33.8,18.0
444,Ive,Oliver-Paull,28.2,18.0
445,Rianon,Waldren,33.5,18.0
446,Karlen,Sykes,37.7,18.0
447,Jayme,Fantonetti,37.3,18.0
448,Rouvin,Lundberg,39.1,18.0
449,Norine,Perfili,33.8,18.0
450,Leela,Jerman,31.4,18.0
451,Katheryn,Neicho,26.1,18.0
452,Dennison,Lumb,30.1,18.0
453,Skipper,Ondrich,40.0,18.0
454,Sally,Valens-Smith,33.2,18.0
455,Alicia,Jewson,35.0,18.0
456,Rita,Oughton,29.7,18.0
457,Johna,Hamshere,30.3,18.0
458,Corissa,Govinlock,34.7,18.0
459,Hanna,McAuslene,33.8,18.0
460,Elisha,Simonaitis,31.6,18.0
461,Oliy,Pantry,30.4,18.0
462,Zora,Henner,35.0,18.0
463,Cathe,Wafer,34.0,18.0
464,Tybi,Raatz,39.3,18.0
465,Abram,Trinkwon,33.9,18.0
466,Letizia,Dowry,39.8,18.0
467,Helaine,De Rye Barrett,34.9,18.0
468,Cynthea,Giannazzi,38.6,18.0
469,Lorelei,Phette,37.8,18.0
470,Kippie,Pepye,33.1,18.0
471,Else,Bjerkan,38.4,18.0
472,Joyous,Purdy,32.3,18.0
473,Baxy,Muat,37.2,18.0
474,Darren,Willows,31.3,18.0
475,Burlie,Bigmore,39.6,18.0
476,Lurlene,Durdy,30.8,18.0
477,Mata,Flannery,38.4,18.0
478,Marshal,Eede,29.8,18.0
479,Tasia,Gration,25.4,18.0
480,Job,Estable,32.6,18.0
481,Verney,Figura,32.6,18.0
482,Reginauld,Bucklan,36.7,18.0
483,Teodoor,Sinderland,34.4,18.0
484,Asher,Gamet,38.6,18.0
485,Jamal,Waker,28.9,18.0
486,Danyette,McLenahan,31.0,18.0
487,Pooh,Hayball,32.6,18.0
488,Charmain,Seelbach,30.3,18.0
489,Eden,Daddow,29.4,18.0
490,Paloma,Trineman,29.8,18.0
491,Freida,Pocke,37.2,18.0
492,Hart,Clapp,25.8,18.0
493,Glenda,Wimpenny,28.5,18.0
494,Giacopo,Gallemore,31.1,18.0
495,Zachery,Herculeson,31.2,18.0
496,Judye,Escoffrey,38.7,18.0
497,Valma,Kenefick,27.4,18.0
498,Eryn,Plumb,34.1,18.0
499,Jane,Longhorn,34.0,18.0
500,Manuel,Macilhench,39.6,18.0
501,Jacquie,Ruthven,38.7,18.0
502,Barbabra,Hammant,34.8,18.0
503,Liana,People,37.4,18.0
504,Broderick,Hatwells,29.1,18.0
505,Glori,Abbett,37.2,18.0
506,Marietta,Fairey,29.7,18.0
507,Gallard,Duckering,31.0,18.0
508,Fallon,Labes,33.2,18.0
509,Lutero,Babalola,27.5,18.0
510,Glen,Keppin,34.0,18.0
511,Garreth,Dolton,37.3,18.0
512,Tymon,Curneen,31.3,18.0
513,Norah,McCreadie,37.8,18.0
514,Isadore,Fairfull,29.4,18.0
515,Lenka,Nicolls,28.6,18.0
516,Marybelle,Spurett,32.6,18.0
517,Estele,Rusbridge,27.9,18.0
518,Hayley,Woollons,25.2,18.0
519,Addia,Hencke,39.2,18.0
520,Catlee,Gerrans,35.7,18.0
521,Francoise,Hanselman,37.3,18.0
522,Rodney,Jacobsohn,29.0,18.0
523,Fayina,Crambie,29.4,18.0
524,Marius,Causby,38.1,18.0
525,Ernesta,Jeannard,28.1,18.0
526,Lalo,Plumbley,34.2,18.0
527,Hartley,Kidwell,29.2,18.0
528,Katherine,Couchman,27.8,18.0
529,Christean,Cano,40.0,18.0
530,Allin,Cathesyed,35.5,18.0
531,Kip,Monini,34.8,18.0
532,Robinson,Faivre,38.1,18.0
533,Lorant,Pelos,35.3,18.0
534,Adriena,Moyle,36.4,18.0
535,Carson,Ramelot,36.8,18.0
536,Jandy,Pontefract,32.3,18.0
537,Correy,Merwe,26.0,18.0
538,Vinnie,Stroobant,26.8,18.0
539,Nollie,Pedwell,26.0,18.0
540,Roderich,Snedker,33.3,18.0
541,Nerta,Buckhurst,33.1,18.0
542,Viole,Caveill,32.2,18.0
543,Tressa,Bayfield,33.6,18.0
544,Court,Bullerwell,26.6,18.0
545,Humbert,Kettridge,39.6,18.0
546,Lorelei,Dutton,31.2,18.0
547,Hersch,Pudden,34.7,18.0
548,Priscilla,Amos,39.3,18.0
549,Maureen,Blockley,37.1,18.0
550,Arty,Gorgen,34.1,18.0
551,Edy,Pynner,31.0,18.0
552,Elwood,Orrice,28.7,18.0
553,Lisbeth,Abbes,31.0,18.0
554,Wolf,Blowin,35.4,18.0
555,Debera,Eakley,33.2,18.0
556,Ezequiel,Mattosoff,31.5,18.0
557,Abdul,Martinat,26.2,18.0
558,Joelle,Glaister,34.8,18.0
559,Ewan,Vasishchev,29.9,18.0
560,Ashley,McMarquis,37.6,18.0
561,Cate,Impson,35.1,18.0
562,Wallie,O'Garmen,28.7,18.0
563,Gates,Firmin,39.7,18.0
564,Courtney,Broader,25.3,18.0
565,Lynnett,Wotton,29.2,18.0
566,Morton,Sanford,37.5,18.0
567,Hally,Whyffen,33.9,18.0
568,Raymond,Marrable,34.3,18.0
569,Cordie,Chapellow,35.8,18.0
570,Alane,McCerery,26.1,18.0
571,Johna,Truwert,32.5,18.0
572,Monroe,Kienzle,28.5,18.0
573,Donnamarie,Stave,39.3,18.0
574,Crawford,Slowcock,38.3,18.0
575,Herby,Frye,33.2,18.0
576,Donnajean,Horsewood,38.4,18.0
577,Conrad,Gould,26.7,18.0
578,Molly,Anstiss,31.3,18.0
579,Boot,Tollow,35.5,18.0
580,Patrick,Iddison,35.2,18.0
581,Mina,Yonge,32.3,18.0
582,Jaine,Brame,37.4,18.0
583,Doris,Lansdale,27.3,18.0
584,Ambrosio,Restill,31.3,18.0
585,Ardis,Dulany,30.7,18.0
586,Kara,Doyley,39.7,18.0
587,Arlen,O'Rowane,25.5,18.0
588,Judas,Hoodspeth,31.3,18.0
589,Davidson,Delacourt,29.5,18.0
590,Delmor,Brand,38.3,18.0
591,Elijah,Kubecka,29.5,18.0
592,Delbert,Palfreyman,33.4,18.0
593,Henrik,Kimber,26.0,18.0
594,Guinevere,Atteridge,38.2,18.0
595,Claribel,Waterland,34.8,18.0
596,Galina,Teggart,36.7,18.0
597,Victoir,McGenn,38.7,18.0
598,Baudoin,Juris,27.7,18.0
599,Madelle,Openshaw,27.5,18.0
600,Othilia,Ratledge,31.6,18.0
601,Kristo,Furzer,28.6,18.0
602,Vachel,Sonnenschein,34.5,18.0
603,Adora,Glader,29.5,18.0
604,Creighton,Wilsdon,30.0,18.0
605,Melodie,Ivamy,31.8,18.0
606,Florance,Sainer,35.1,18.0
607,Keane,Crecy,27.4,18.0
608,Collette,Skade,25.0,18.0
609,Lin,Wraith,34.9,18.0
610,Annabell,Lillistone,29.9,18.0
611,Xerxes,Elner,37.3,18.0
612,Rudolf,Capini,28.1,18.0
613,Lydia,Umbert,29.7,18.0
614,Clarabelle,Jedrzejczyk,33.5,18.0
615,Geordie,Piffe,38.8,18.0
616,Lynnea,Parres,32.3,18.0
617,Dorolisa,Kikke,31.7,18.0
618,Amaleta,Bicksteth,29.4,18.0
619,Kearney,Spraggon,28.6,18.0
620,Norine,Box,39.7,18.0
621,Giulio,Spreckley,35.2,18.0
622,Isabel,Tinner,36.6,18.0
623,Cornie,Cutmare,36.5,18.0
624,Aurilia,Attrill,27.5,18.0
625,Robena,Sowthcote,25.7,18.0
626,Tod,Radki,39.5,18.0
627,Cristabel,Chaise,30.7,18.0
628,Nora,Gannicott,31.6,18.0
629,Anatollo,Hane,38.7,18.0
630,Magda,Stailey,29.6,18.0
631,Johann,Solway,36.4,18.0
632,Lilyan,Stagge,35.6,18.0
633,Aida,Bonass,30.3,18.0
634,Keslie,Binton,27.0,18.0
635,Cristiano,Wardhaugh,31.5,18.0
636,Felisha,Abbys,35.0,18.0
637,Gabriela,Lewer,34.9,18.0
638,Kalie,Cobbald,32.4,18.0
639,Lorry,Schiementz,31.9,18.0
640,Alexandra,Gabe,35.5,18.0
641,Vanna,Cuthbert,31.0,18.0
642,Cal,McAdam,27.8,18.0
643,Viola,Darrigrand,34.1,18.0
644,Alleen,Flewin,35.5,18.0
645,Riccardo,Aronstein,28.0,18.0
646,Kimmie,Connichie,26.1,18.0
647,Bogey,Courtin,36.4,18.0
648,Tyler,Clears,37.0,18.0
649,Nance,Deery,25.5,18.0
650,Ailsun,McCoughan,30.9,18.0
651,Stafani,Dreghorn,34.3,18.0
652,Benoit,Rebeiro,33.5,18.0
653,Yetta,Rosenzveig,35.0,18.0
654,Tybalt,Petrozzi,30.9,18.0
655,Hayden,Tamblyn,33.2,18.0
656,Daile,Presdee,39.1,18.0
657,Chery,Hurche,31.9,18.0
658,Haley,Somerton,27.0,18.0
659,Livy,Beneze,31.9,18.0
660,Benedikt,O'Doohaine,31.5,18.0
661,Dev,Plampin,29.8,18.0
662,Karel,Saylor,31.3,18.0
663,Renie,Bethune,28.6,18.0
664,Teddy,Breacher,36.2,18.0
665,Niel,Bartlomieczak,34.3,18.0
666,Timotheus,Bremeyer,30.2,18.0
667,Creight,Bitten,31.5,18.0
668,Saunder,Clackers,38.3,18.0
669,Connor,Meth,25.4,18.0
670,Mart,Dominichetti,36.9,18.0
671,Harris,Honatsch,34.1,18.0
672,Helaine,Mack,30.1,18.0
673,Tanney,Tuffell,39.8,18.0
674,Patrizia,Gladwish,25.9,18.0
675,Carrie,O'Lenechan,35.6,18.0
676,Sargent,Munnery,33.8,18.0
677,Shelly,Leftly,25.1,18.0
678,Toma,Ravillas,31.3,18.0
679,Parrnell,Chaney,31.8,18.0
680,Vere,Hulance,27.9,18.0
681,Arlette,Sear,38.8,18.0
682,Leon,Dran,26.1,18.0
683,Eziechiele,Snalum,37.6,18.0
684,Lindsey,Ropars,34.8,18.0
685,Christean,Willey,36.9,18.0
686,Tuckie,Micklewright,39.2,18.0
687,Noelle,Whiston,33.2,18.0
688,Bard,Alyoshin,38.8,18.0
689,Althea,Watts,26.0,18.0
690,Georges,Simounet,27.8,18.0
691,Ives,Atkins,35.1,18.0
692,Emmy,Peetermann,35.0,18.0
693,Flo,Barley,28.7,18.0
694,Odessa,Krzyzowski,29.2,18.0
695,Lynda,Mateev,25.4,18.0
696,Marlene,Feavearyear,31.6,18.0
697,Theodora,Petrasch,26.8,18.0
698,Quintina,Doldon,33.4,18.0
699,Sibley,Sapsed,32.3,18.0
700,Burnard,Ianne,28.7,18.0
701,Ado,Christy,37.5,18.0
702,Jori,Slateford,30.3,18.0
703,Leonora,Gallagher,25.3,18.0
704,Mychal,Bechley,26.8,18.0
705,Mead,Thiese,31.1,18.0
706,Alaster,Roffey,25.4,18.0
707,Nevil,Buckle,28.6,18.0
708,Uta,Longhi,26.0,18.0
709,Grenville,Cabral,30.4,18.0
710,Nat,Coarser,26.5,18.0
711,Stephani,Chinge de Hals,33.2,18.0
712,Galina,Rubinowitch,26.1,18.0
713,Chucho,Cracie,37.8,18.0
714,Willie,Kilbourn,28.4,18.0
715,Jena,De Gouy,35.1,18.0
716,Augusto,Lowrie,26.6,18.0
717,Revkah,Kingstne,28.3,18.0
718,Augustin,MacInherney,35.9,18.0
719,Binni,Abilowitz,31.9,18.0
720,Jedidiah,Grayling,26.8,18.0
721,Florie,Goudy,30.9,18.0
722,Aimee,Jado,31.5,18.0
723,Becky,Janecki,30.5,18.0
724,Ericka,Wallbanks,38.7,18.0
725,Dalila,Hazeldean,38.9,18.0
726,Laurie,Houndsom,27.9,18.0
727,Coleen,Bloy,39.2,18.0
728,Sara-ann,Hattiff,27.2,18.0
729,Nelli,Biford,34.0,18.0
730,Ekaterina,Barnett,26.0,18.0
731,Tamara,Skalls,29.4,18.0
732,Cristina,Giorgetti,28.3,18.0
733,Yankee,Inkpen,39.6,18.0
734,Stacia,Beggs,34.9,18.0
735,Marcelia,Ackeroyd,35.8,18.0
736,Clemens,Skunes,33.5,18.0
737,Joellyn,Moors,32.9,18.0
738,Goldina,Hurran,25.5,18.0
739,Winna,Keys,26.3,18.0
740,Rubie,Laba,27.3,18.0
741,Morton,Kyteley,34.5,18.0
742,Harold,Tumber,28.5,18.0
743,Nina,Ortzen,29.9,18.0
744,Barry,Grzeszczak,32.0,18.0
745,Modestia,Lanfranchi,35.1,18.0
746,Enoch,Goodday,30.4,18.0
747,Henka,Duligal,31.1,18.0
748,Warner,Curnok,28.4,18.0
749,Chery,Abley,38.2,18.0
750,Kaylee,Rainville,36.9,18.0
751,Errick,Moxon,40.0,18.0
752,Baird,Tomaini,39.9,18.0
753,Adamo,Robjohns,35.9,18.0
754,Lalo,Crewther,38.4,18.0
755,Dario,Henrych,36.2,18.0
756,Hazel,Shatford,27.0,18.0
757,Karlik,Cheer,38.6,18.0
758,Kyla,Futty,29.8,18.0
759,Glen,Deedes,28.8,18.0
760,Godart,Shaylor,30.0,18.0
761,Wanda,Rodrigues,35.6,18.0
762,Shannah,Correa,29.7,18.0
763,Nicholle,Thomassen,39.8,18.0
764,Lizette,Antonat,29.8,18.0
765,Lydon,Whardley,25.3,18.0
766,Meara,Bratcher,32.3,18.0
767,Jard,Conkay,38.1,18.0
768,Sonnie,Gunther,34.6,18.0
769,Charles,Scrafton,26.6,18.0
770,Creigh,Dudny,37.3,18.0
771,Chelsea,Pettipher,27.3,18.0
772,Manda,Dungate,33.2,18.0
773,Talya,Parfett,39.8,18.0
774,Barney,Kloss,29.1,18.0
775,Averil,Lappine,36.6,18.0
776,Viviyan,Rowbury,38.5,18.0
777,Gonzales,Lockie,37.7,18.0
778,Gaultiero,Peet,37.0,18.0
779,Aurelie,Skamal,39.0,18.0
780,Kelcy,Talby,31.8,18.0
781,Reggis,Covendon,38.3,18.0
782,Chauncey,Tolchar,33.4,18.0
783,Padraic,Faulconer,25.3,18.0
784,Tabina,Degenhardt,30.8,18.0
785,Salomo,Corbert,26.9,18.0
786,Tybi,Machen,33.3,18.0
787,Barret,Beekmann,27.3,18.0
788,Rocky,Aulton,32.2,18.0
789,Reina,Pestell,28.9,18.0
790,Frederica,Maypole,36.0,18.0
791,Agna,Pechold,26.6,18.0
792,Levin,Scutt,28.3,18.0
793,Karlene,Fernando,38.7,18.0
794,Sallyann,Matchett,25.2,18.0
795,Raquela,Moors,35.8,18.0
796,Umeko,Srutton,32.4,18.0
797,Merle,Ackhurst,26.7,18.0
798,Kipp,Carnock,26.4,18.0
799,Shae,Ollerearnshaw,39.9,18.0
800,Sebastien,Elesander,28.5,18.0
801,Prentice,Blundel,26.3,18.0
802,Ethelred,Pepperill,27.8,18.0
803,Myron,Linnett,26.7,18.0
804,Bettine,Bleeze,27.8,18.0
805,Sarene,Ferrers,25.5,18.0
806,Hali,Elsby,33.5,18.0
807,Nicolis,McCusker,31.3,18.0
808,Arne,Coventon,27.2,18.0
809,Currie,Cutford,39.0,18.0
810,Shep,Noriega,29.4,18.0
811,Devland,Patman,37.0,18.0
812,Mychal,Hess,36.7,18.0
813,Sarajane,Crates,25.1,18.0
814,Baxie,Skures,26.7,18.0
815,Rosalia,Bezant,39.4,18.0
816,Bernadine,Mainds,29.4,18.0
817,Vernice,Decayette,33.7,18.0
818,Brandise,Cunradi,39.7,18.0
819,Aylmar,Sonschein,26.2,18.0
820,Leesa,Khidr,28.1,18.0
821,Dov,Draco,39.9,18.0
822,Granger,McClure,31.2,18.0
823,Oliy,Chauvey,39.4,18.0
824,Eleonore,Epsley,39.8,18.0
825,Lynett,Hawkett,33.6,18.0
826,Sonnie,Cooley,28.2,18.0
827,Teador,Addlestone,30.3,18.0
828,Ediva,Doles,29.5,18.0
829,Olivette,Toffoloni,37.1,18.0
830,Giustina,Niblo,30.8,18.0
831,Meredith,Huff,38.3,18.0
832,Marcelo,O'Ferris,29.8,18.0
833,Marti,Dilks,35.0,18.0
834,Bethena,Hayley,33.6,18.0
835,Clem,Elsegood,29.3,18.0
836,Rosetta,Lavin,33.2,18.0
837,Cornie,Rubens,25.2,18.0
838,Theobald,Daout,30.9,18.0
839,Katerina,De Ruggero,26.5,18.0
840,Loraine,Rowcliffe,37.7,18.0
841,Valentijn,Pero,32.9,18.0
842,Cyrill,Seeger,29.8,18.0
843,Gustavo,Celli,34.3,18.0
844,Claudius,Pudge,32.3,18.0
845,Pepillo,Yanson,27.8,18.0
846,Vannie,Syversen,25.2,18.0
852,Jo,Vasilic,40.0,18.0
853,Renelle,Della,33.3,18.0
854,Dudley,Jarrell,31.7,18.0
855,Melodee,Saffen,28.2,18.0
856,Frayda,Hofner,33.4,18.0
857,Erma,Orrobin,36.5,18.0
858,Franciskus,Gilkes,30.9,18.0
859,Filip,Hawkridge,27.8,18.0
860,Flory,Kipping,34.6,18.0
861,Timofei,Wardel,28.4,18.0
862,Alice,Todhunter,36.3,18.0
863,Madelena,McEwan,33.7,18.0
864,Mick,Huffa,38.2,18.0
865,Bendix,Whatford,25.7,18.0
866,Brock,Grabeham,38.6,18.0
867,Lorilee,Quilliam,34.4,18.0
868,Karolina,Labb,38.1,18.0
869,Loni,Percifull,34.1,18.0
870,Flory,Crush,32.3,18.0
871,Farrel,Clampe,33.5,18.0
872,Sigismondo,Tabourier,34.6,18.0
873,Rustin,Carefull,34.0,18.0
874,Lara,Oliphard,39.7,18.0
875,Mareah,Stapleford,27.6,18.0
876,Franklin,Garlee,28.8,18.0
877,Evvie,Valiant,30.1,18.0
878,Averil,Ewbanke,27.7,18.0
879,Tanny,Hughesdon,31.0,18.0
880,Marijn,Arnould,29.0,18.0
881,Vilhelmina,Zahor,32.0,18.0
882,Ray,Muckloe,34.6,18.0
883,Paulina,Outhwaite,37.8,18.0
884,Fergus,Dand,39.8,18.0
885,Tadeo,Roalfe,29.0,18.0
886,Claudette,Pahl,26.9,18.0
887,Kip,Petto,35.0,18.0
888,Tabbi,Whitlam,33.2,18.0
889,Demetris,Stedman,35.5,18.0
890,Kristal,Roches,37.1,18.0
891,Kanya,Skettles,36.3,18.0
892,Yvon,Iddins,25.7,18.0
893,Bird,Shergold,33.6,18.0
894,Kincaid,Pauwel,37.4,18.0
895,Joelynn,Lindl,32.5,18.0
896,Hersh,Eixenberger,28.2,18.0
897,Alvie,Mackett,35.0,18.0
898,Anderson,Pinwell,30.9,18.0
899,Akim,Munks,25.1,18.0
900,Priscilla,Aronowitz,32.7,18.0
901,Maegan,Snoddin,35.0,18.0
902,Selena,Wrennall,32.2,18.0
903,Gerome,Scurrah,39.7,18.0
904,Vilhelmina,Riseam,26.1,18.0
905,Jean,Tomaini,37.9,18.0
906,Jarrid,Wycliffe,38.1,18.0
907,Timmy,Edlin,33.0,18.0
908,Korrie,Freebury,36.9,18.0
909,Jennette,Veal,34.1,18.0
910,Ruy,Cogan,31.0,18.0
911,Mimi,Clemendot,27.9,18.0
912,Abby,Whiffin,36.6,18.0
913,Dacey,Ridolfo,33.0,18.0
914,Forster,Legat,32.2,18.0
915,Omero,Jaskowicz,34.1,18.0
916,Francesca,Prisk,25.3,18.0
917,Rene,De Pietri,38.8,18.0
918,Rosina,LAbbet,32.5,18.0
919,Rebeka,O'Tierney,36.5,18.0
920,See,Pighills,39.1,18.0
921,Eula,Whitelock,39.2,18.0
922,Tod,Brabyn,37.6,18.0
923,Elwira,Croyser,37.8,18.0
924,Rowena,Whitehurst,33.4,18.0
925,Bliss,Ceely,31.1,18.0
926,Zacharias,Gounod,36.7,18.0
927,Nickie,Fernant,35.3,18.0
928,Adolpho,Yarker,30.2,18.0
929,Janis,Kaemena,25.9,18.0
930,Rollin,Potbury,26.9,18.0
931,Zelda,Milthorpe,31.6,18.0
932,Quinton,Schober,27.5,18.0
933,Candice,Wison,34.7,18.0
934,Dan,Thing,36.7,18.0
935,Saw,Lamyman,29.1,18.0
936,Nikki,Caslake,29.7,18.0
937,Edmon,Kilcullen,30.0,18.0
938,Leoine,Cheshire,25.5,18.0
939,Wolf,Purslow,33.8,18.0
940,April,Le Floch,35.3,18.0
941,Alva,Ronan,34.7,18.0
942,Ario,Vagges,28.1,18.0
943,Cele,Moreno,32.9,18.0
944,Jyoti,Wilgar,34.9,18.0
945,Brice,De Cristofalo,38.7,18.0
946,Boony,Fairbourne,34.7,18.0
947,Alanson,McClaurie,34.3,18.0
948,Joey,Branford,36.8,18.0
949,Krissie,Pohls,38.0,18.0
950,Pierrette,Boagey,32.4,18.0
951,Des,Widger,26.3,18.0
952,Stefano,Pasquale,28.3,18.0
953,Jerrie,Peskett,28.2,18.0
954,Forest,Plumptre,28.7,18.0
955,Bentley,Balogh,36.8,18.0
956,Ron,Ulster,35.7,18.0
957,Fredrick,Eland,28.8,18.0
958,Nappy,Powton,38.6,18.0
959,Coop,Vlach,32.1,18.0
960,Tara,Siddall,26.3,18.0
961,Glynnis,Pedri,28.3,18.0
962,Phyllis,De Malchar,27.9,18.0
963,Willie,Grissett,33.6,18.0
964,Barbabas,Boylund,25.0,18.0
965,Ardys,Beckford,31.0,18.0
966,Carmela,Riddich,35.8,18.0
967,Cherri,Matuszewski,37.2,18.0
968,Loree,Antill,37.4,18.0
969,Bibi,Elie,26.4,18.0
970,Harriot,Sehorsch,36.4,18.0
971,Josh,Perrinchief,34.1,18.0
972,Vasili,Drewitt,39.3,18.0
973,Jonah,Crompton,29.1,18.0
974,Claudianus,McCully,25.8,18.0
975,Donnajean,Ratt,28.8,18.0
976,Stacee,Branchflower,27.9,18.0
977,Vite,Bushen,34.8,18.0
978,Kizzie,Lecount,28.0,18.0
979,Donnie,Vannuchi,31.0,18.0
980,Bellanca,Marzelo,30.2,18.0
981,Antonin,Maxsted,34.6,18.0
982,Ilyssa,Jaycox,39.7,18.0
983,Claus,L' Anglois,39.8,18.0
984,Pete,Parmeter,29.6,18.0
985,Robbie,Ledrun,34.9,18.0
986,Astrix,Lawrey,32.7,18.0
987,Maurise,Llewellen,31.3,18.0
988,Antoine,Joyce,34.8,18.0
989,Dallon,Wonham,29.7,18.0
990,Robyn,Ausiello,27.0,18.0
991,Legra,Abbison,30.6,18.0
992,Jillene,Spellicy,26.6,18.0
993,Shem,Vittery,25.4,18.0
994,Brad,Charlesworth,31.5,18.0
995,Dickie,Dreinan,36.5,18.0
996,Biron,Vedstra,33.8,18.0
997,Kevan,Fenimore,36.0,18.0
998,Celestyna,Sackes,36.0,18.0
999,Christin,Hurlston,36.9,18.0
1000,Jeniffer,Thyer,38.4,18.0
